<?xml version="1.0" encoding="UTF-8"?>
<project-private xmlns="http://www.netbeans.org/ns/project-private/1">
    <editor-bookmarks xmlns="http://www.netbeans.org/ns/editor-bookmarks/2" lastBookmarkId="0"/>
    <open-files xmlns="http://www.netbeans.org/ns/projectui-open-files/2">
        <group>
            <file>file:/C:/xampp/htdocs/wolves/module/client/js/clientes.js</file>
            <file>file:/C:/xampp/htdocs/wolves/module/client/retirar.php</file>
            <file>file:/C:/xampp/htdocs/wolves/index.php</file>
            <file>file:/C:/xampp/htdocs/wolves/module/client/dashboard.php</file>
            <file>file:/C:/xampp/htdocs/wolves/class/admin.php</file>
            <file>file:/C:/xampp/htdocs/wolves/module/client/referidos.php</file>
            <file>file:/C:/xampp/htdocs/wolves/module/admin/js/admin.js</file>
            <file>file:/C:/xampp/htdocs/wolves/header.php</file>
            <file>file:/C:/xampp/htdocs/wolves/module/client/css/elegant-icons-style.css</file>
            <file>file:/C:/xampp/htdocs/wolves/class/cliente.php</file>
            <file>file:/C:/xampp/htdocs/wolves/module/admin/controller.php</file>
            <file>file:/C:/xampp/htdocs/wolves/module/client/controller.php</file>
            <file>file:/C:/xampp/htdocs/wolves/module/admin/dashboard.php</file>
            <file>file:/C:/xampp/htdocs/wolves/module/admin/adm_retiros.php</file>
        </group>
    </open-files>
</project-private>
